[
  {
    "id": 1,
    "title": "Sapphire",
    "image": "../img/sapphire-img.png",
    "price": 3000,
    "description": "A blue corundum gemstone, known for its beauty and durability."
  },
  {
    "id": 2,
    "title": "Ruby",
    "image": "../img/ruby-img.png",
    "price": 4500,
    "description": "A red corundum gemstone, valued for its intense color."
  },
  {
    "id": 3,
    "title": "Emerald",
    "image": "../img/emerald-img.png",
    "price": 3800,
    "description": "A green beryl gemstone, prized for its deep color."
  },
  {
    "id": 4,
    "title": "Kyanite",
    "image": "../img/kyanite-img.png",
    "price": 8000,
    "description": "An aluminum silicate mineral, known for its trichroism and hardness."
  },
  {
    "id": 5,
    "title": "Obsidian",
    "image": "../img/obsidian-img.png",
    "price": 2500,
    "description": "A volcanic glass, known for its dark color and glassy luster."
  },
  {
    "id": 6,
    "title": "Amethyst",
    "image": "../img/amethyst-img.png",
    "price": 1200,
    "description": "A purple quartz gemstone, valued for its calming properties."
  },
  {
    "id": 7,
    "title": "Quartz",
    "image": "../img/quartz-img.png",
    "price": 900,
    "description": "A common mineral, often colorless but can come in various colors, including yellow."
  },
  {
    "id": 8,
    "title": "Topaz",
    "image": "../img/topaz-img.png",
    "price": 1500,
    "description": "A silicate mineral gemstone, available in various colors."
  },
  {
    "id": 9,
    "title": "Opal",
    "image": "../img/opal-img.png",
    "price": 1800,
    "description": "A hydrated amorphous form of silica, known for its play of color."
  },
  {
    "id": 10,
    "title": "Peridot",
    "image": "../img/peridot-img.png",
    "price": 1000,
    "description": "A green silicate mineral gemstone, known for its vibrant color."
  }
]